Date,adj_close,Close,High,Low,Open,Volume
2025-10-27,95.05561828613281,95.30000305175781,101.5199966430664,70.5,70.5,69700
2025-10-28,94.4970474243164,94.73999786376953,103.5,93.01000213623047,99.01000213623047,172600
2025-10-29,93.79884338378906,94.04000091552734,96.88999938964844,92.12000274658203,94.5,91700
2025-10-30,93.16047668457031,93.4000015258789,94.9800033569336,91.67500305175781,94.0999984741211,122600
2025-10-31,94.75637817382812,95.0,95.9800033569336,91.4000015258789,95.0,282500
2025-11-03,96.75125122070312,97.0,100.54000091552734,95.0,98.0,10626200
2025-11-04,100.6512222290039,100.91000366210938,104.0,97.80000305175781,99.5,6091300
2025-11-05,99.39445495605469,99.6500015258789,105.4000015258789,93.37999725341797,105.01000213623047,7108500
2025-11-06,93.09066772460938,93.33000183105469,101.1500015258789,93.33000183105469,100.0,4096200
2025-11-07,92.07327270507812,92.30999755859375,95.0,88.68099975585938,92.16000366210938,3282800
2025-11-10,96.35227966308594,96.5999984741211,99.38999938964844,93.5999984741211,94.93000030517578,3220400
2025-11-11,96.28245544433594,96.52999877929688,102.1500015258789,95.5,98.44999694824219,2492600
2025-11-12,91.72417449951172,91.95999908447266,96.66999816894531,91.25,96.66999816894531,2740700
2025-11-13,85.67972564697266,85.9000015258789,91.75,84.81999969482422,91.5,3926100
2025-11-14,83.26592254638672,83.4800033569336,87.05000305175781,81.62100219726562,84.1500015258789,2466200
2025-11-17,81.25110626220703,81.45999908447266,84.0999984741211,79.19999694824219,81.62999725341797,2504600
2025-11-18,78.7774658203125,78.9800033569336,82.02999877929688,78.01000213623047,79.5,3116500
2025-11-19,79.41582489013672,79.62000274658203,80.30999755859375,75.72000122070312,79.12999725341797,3325400
2025-11-20,74.70792388916016,74.9000015258789,83.5,74.5,82.01000213623047,3072500
2025-11-21,75.6056137084961,75.80000305175781,77.93499755859375,73.22000122070312,74.97000122070312,2736100
2025-11-24,73.35140991210938,73.54000091552734,76.73500061035156,72.80999755859375,76.33999633789062,5002100
2025-11-25,77.8099594116211,78.01000213623047,79.05999755859375,72.94000244140625,73.0,3033500
2025-11-26,79.02682495117188,79.2300033569336,80.73999786376953,77.0,77.94999694824219,2234700
2025-11-28,80.94334411621094,81.08999633789062,81.25,79.27999877929688,79.27999877929688,947300
2025-12-01,77.45965576171875,77.5999984741211,81.08999633789062,77.41999816894531,79.0,1622200
2025-12-02,79.60577392578125,79.75,80.48999786376953,77.97000122070312,78.16999816894531,2182000
2025-12-03,80.13481140136719,80.27999877929688,81.05000305175781,78.9000015258789,79.97000122070312,1244700
2025-12-04,83.3090591430664,83.45999908447266,83.56999969482422,79.80999755859375,80.0,1826200
2025-12-05,81.89163208007812,82.04000091552734,83.8499984741211,81.81999969482422,83.41000366210938,1980300
2025-12-08,84.14754486083984,84.30000305175781,84.69000244140625,81.81999969482422,81.94999694824219,1653000
2025-12-09,84.93611145019531,85.08999633789062,85.2300033569336,83.71499633789062,84.0,1404900
2025-12-10,86.04410552978516,86.19999694824219,87.94999694824219,82.7300033569336,83.79000091552734,2396800
2025-12-11,84.64663696289062,84.80000305175781,86.23999786376953,83.51000213623047,85.76000213623047,2563500
2025-12-12,78.7972412109375,78.94000244140625,84.58999633789062,78.3499984741211,84.37999725341797,2778200
2025-12-15,76.49141693115234,76.62999725341797,80.72000122070312,75.65499877929688,79.6500015258789,2338300
2025-12-16,78.3580322265625,78.5,79.12999725341797,76.13999938964844,76.5,2971700
2025-12-17,76.12208557128906,76.26000213623047,78.9800033569336,75.66999816894531,78.93000030517578,2017500
2025-12-18,78.88706970214844,79.02999877929688,80.69000244140625,77.76000213623047,78.31999969482422,2565700
2025-12-19,79.55585479736328,79.69999694824219,80.0,77.18000030517578,79.37000274658203,6553300
2025-12-22,81.74190521240234,81.88999938964844,82.7300033569336,80.54499816894531,80.95999908447266,1723300
2025-12-23,83.01958465576172,83.16999816894531,83.26000213623047,81.12999725341797,81.54000091552734,1244100
2025-12-24,83.21922302246094,83.37000274658203,83.63999938964844,82.70999908447266,83.37000274658203,637000
2025-12-26,84.05770874023438,84.20999908447266,84.43000030517578,83.4749984741211,83.62999725341797,851200
2025-12-29,83.43882751464844,83.58999633789062,84.37999725341797,83.0,84.0,1117700
2025-12-30,83.85807037353516,84.01000213623047,85.0,83.4800033569336,84.11000061035156,1142800
2025-12-31,81.5023422241211,81.6500015258789,84.08999633789062,81.55999755859375,84.08999633789062,1098000
2026-01-02,84.8263168334961,84.9800033569336,86.31999969482422,81.61000061035156,81.69000244140625,1221100
2026-01-05,84.9560775756836,85.11000061035156,86.87000274658203,84.9800033569336,85.0,1269500
2026-01-06,90.97516632080078,91.13999938964844,91.91000366210938,85.0,85.20999908447266,2103900
2026-01-07,90.14666748046875,90.30999755859375,92.94000244140625,89.33999633789062,92.0,1655400
2026-01-08,89.338134765625,89.5,90.73999786376953,88.33000183105469,89.91000366210938,2336800
2026-01-09,90.14666748046875,90.30999755859375,91.88999938964844,88.83999633789062,90.16999816894531,2140500
2026-01-12,90.74559020996094,90.91000366210938,92.94999694824219,89.33999633789062,89.94999694824219,2865300
2026-01-13,89.50782775878906,89.66999816894531,92.04000091552734,88.93000030517578,91.08999633789062,2735400
2026-01-14,89.71744537353516,89.87999725341797,89.94000244140625,85.66999816894531,88.44999694824219,1266400
2026-01-15,92.95159912109375,93.12000274658203,97.83999633789062,92.88999938964844,93.63999938964844,4533800
2026-01-16,97.0741195678711,97.25,100.12999725341797,93.95500183105469,94.16999816894531,4156500
2026-01-20,94.95795440673828,95.12999725341797,97.62999725341797,93.12000274658203,93.97000122070312,1719400
2026-01-21,102.5142593383789,102.69999694824219,103.87000274658203,95.33999633789062,96.62000274658203,4158800
2026-01-22,98.58139038085938,98.76000213623047,107.83999633789062,97.9000015258789,106.0,3652300
2026-01-23,95.93618774414062,96.11000061035156,98.0,94.95999908447266,97.5,2288600
2026-01-26,96.5650405883789,96.73999786376953,99.33399963378906,95.23999786376953,96.31999969482422,1813900
2026-01-27,99.27013397216797,99.44999694824219,100.61000061035156,97.79000091552734,97.79000091552734,1286000
2026-01-28,102.24475860595703,102.43000030517578,103.0999984741211,99.25,100.94000244140625,2381800
2026-01-29,99.72930908203125,99.91000366210938,103.0,96.41999816894531,102.68000030517578,1573700
2026-01-30,96.00605773925781,96.18000030517578,99.88999938964844,96.01000213623047,98.88999938964844,2547600
2026-02-02,100.4879379272461,100.66999816894531,100.83000183105469,95.9000015258789,96.2300033569336,1998200
2026-02-03,99.6993637084961,99.87999725341797,102.44000244140625,97.51000213623047,100.30000305175781,2412600
2026-02-04,95.33727264404297,95.51000213623047,100.91999816894531,92.8499984741211,100.05000305175781,2481600
2026-02-05,92.60221862792969,92.7699966430664,97.0,92.66999816894531,94.56999969482422,1515000
2026-02-06,98.0423583984375,98.22000122070312,99.79000091552734,94.0,94.98500061035156,1739300
2026-02-09,105.0097427368164,105.19999694824219,106.29000091552734,97.62999725341797,98.51000213623047,2784200
2026-02-10,109.10232543945312,109.30000305175781,112.40899658203125,107.35199737548828,108.26000213623047,4257600
2026-02-11,114.30291748046875,114.51000213623047,114.87999725341797,109.05999755859375,110.62000274658203,3003500
2026-02-12,108.34370422363281,108.54000091552734,117.69000244140625,107.56999969482422,115.47000122070312,2665700
2026-02-13,111.4880142211914,111.69000244140625,113.87999725341797,108.06999969482422,109.04000091552734,2743800
2026-02-17,111.73756408691406,111.94000244140625,113.22000122070312,108.08000183105469,110.93000030517578,1940500
2026-02-18,115.04156494140625,115.25,117.1500015258789,111.6500015258789,111.83999633789062,3416700
2026-02-19,112.6558837890625,112.86000061035156,115.0999984741211,110.54000091552734,114.61000061035156,1656500
2026-02-20,113.25480651855469,113.45999908447266,116.19999694824219,111.23999786376953,111.66999816894531,2209100
2026-02-23,111.37821197509766,111.58000183105469,113.73999786376953,110.0999984741211,112.75,2343700
2026-02-24,116.57878112792969,116.79000091552734,117.91000366210938,112.38999938964844,112.38999938964844,2421600
2026-02-25,119.64323425292969,119.86000061035156,120.25,116.56500244140625,118.0,4119500
2026-02-26,124.55433654785156,124.77999877929688,140.60000610351562,117.0,139.94000244140625,8400000
2026-02-27,126.61193084716797,126.76000213623047,127.18000030517578,120.9000015258789,122.52999877929688,4738800
2026-03-02,123.92506408691406,124.06999969482422,126.06999969482422,121.29000091552734,124.43000030517578,2131800
2026-03-03,115.98435974121094,116.12000274658203,119.30999755859375,113.70999908447266,117.2750015258789,3234900
2026-03-04,119.88978576660156,120.02999877929688,120.63999938964844,116.83699798583984,118.97000122070312,2507700
2026-03-05,115.78458404541016,115.91999816894531,119.75,113.44000244140625,117.11000061035156,2172500
2026-03-06,110.01133728027344,110.13999938964844,115.91999816894531,109.2699966430664,112.05999755859375,2299000
2026-03-09,114.11653900146484,114.25,114.34500122070312,106.0,106.98999786376953,1996000
2026-03-10,113.83686065673828,113.97000122070312,117.16000366210938,112.58200073242188,113.45999908447266,1973300
2026-03-11,116.1341781616211,116.2699966430664,116.66000366210938,113.78500366210938,113.88999938964844,2475600
2026-03-12,106.91496276855469,107.04000091552734,113.79000091552734,105.41000366210938,113.5,2623300
2026-03-13,108.92261505126953,109.05000305175781,110.27999877929688,106.73999786376953,108.9000015258789,2173800
2026-03-16,112.1188735961914,112.25,113.22000122070312,109.9000015258789,111.94999694824219,1830700
2026-03-17,113.43733215332031,113.56999969482422,113.58999633789062,110.4000015258789,112.37999725341797,1164300
2026-03-18,113.84685516357422,113.9800033569336,116.19999694824219,112.4000015258789,112.54000091552734,1307200
2026-03-19,111.80923461914062,111.94000244140625,113.77999877929688,108.56999969482422,109.86000061035156,2290000
2026-03-20,107.46430969238281,107.58999633789062,111.94499969482422,106.22000122070312,111.06999969482422,5038800
2026-03-23,114.78575897216797,114.91999816894531,117.86000061035156,111.0199966430664,112.01000213623047,2830100
2026-03-24,118.20175170898438,118.33999633789062,119.30999755859375,113.70999908447266,113.70999908447266,1709400
2026-03-25,120.11952209472656,120.26000213623047,122.63999938964844,119.37999725341797,120.0,1274800
2026-03-26,112.64825439453125,112.77999877929688,118.97000122070312,112.19000244140625,117.09500122070312,1603200
2026-03-27,111.62944793701172,111.76000213623047,113.05999755859375,109.69999694824219,111.22000122070312,1473800
2026-03-30,106.98487854003906,107.11000061035156,113.97000122070312,106.16999816894531,113.79000091552734,1858300
2026-03-31,115.24520874023438,115.37999725341797,115.51000213623047,108.08999633789062,109.11000061035156,1560600
2026-04-01,118.42150115966797,118.55999755859375,120.81999969482422,115.91999816894531,115.91999816894531,1266300
2026-04-02,116.39387512207031,116.52999877929688,120.43000030517578,112.572998046875,113.96499633789062,791700
2026-04-06,118.73114013671875,118.87000274658203,119.05000305175781,115.31999969482422,117.0,1021500
2026-04-07,118.85099792480469,118.98999786376953,119.91999816894531,116.37000274658203,117.12000274658203,1312700
2026-04-08,129.18890380859375,129.33999633789062,131.91000366210938,124.62000274658203,126.5,2252000
2026-04-09,129.728271484375,129.8800048828125,132.49000549316406,128.7449951171875,128.7449951171875,1578400
2026-04-10,130.49737548828125,130.64999389648438,132.2100067138672,130.11000061035156,131.4600067138672,1390100
2026-04-13,134.86227416992188,135.02000427246094,135.05999755859375,129.77499389648438,130.0800018310547,1517800
2026-04-14,132.61489868164062,132.77000427246094,136.30999755859375,131.75,135.69000244140625,1264200
2026-04-15,131.63604736328125,131.7899932861328,132.75,129.1999969482422,131.72999572753906,1307300
2026-04-16,131.14663696289062,131.3000030517578,132.22500610351562,129.25999450683594,130.38999938964844,1188000
2026-04-17,136.1307830810547,136.2899932861328,137.8000030517578,133.8699951171875,134.27000427246094,1399900
2026-04-20,137.9386749267578,138.10000610351562,138.27999877929688,134.99000549316406,136.25,1032200
2026-04-21,134.69248962402344,134.85000610351562,139.13099670410156,133.80499267578125,138.89999389648438,1209900
2026-04-22,139.0873260498047,139.25,139.7899932861328,136.0,137.3800048828125,1379200
2026-04-23,139.96630859375,140.1300048828125,146.0,138.39999389648438,138.60000610351562,2629000
2026-04-24,144.31121826171875,144.47999572753906,146.6699981689453,141.42999267578125,142.8800048828125,1602100
2026-04-27,143.68197631835938,143.85000610351562,144.83999633789062,138.00999450683594,144.00999450683594,2116000
2026-04-28,137.42926025390625,137.58999633789062,141.1699981689453,135.1999969482422,138.85000610351562,1423300
2026-04-29,141.13494873046875,141.3000030517578,142.0,137.3699951171875,139.3300018310547,1917500
2026-04-30,140.49569702148438,140.66000366210938,144.89500427246094,137.35000610351562,143.0800018310547,2511000
2026-05-01,143.16256713867188,143.3300018310547,143.72000122070312,138.56500244140625,141.10000610351562,1220200
2026-05-04,140.8952178955078,141.05999755859375,143.72000122070312,139.80499267578125,143.25999450683594,1196100
2026-05-05,146.29888916015625,146.47000122070312,147.99000549316406,143.5,143.74000549316406,1131400
2026-05-06,149.2654266357422,149.44000244140625,151.36000061035156,145.1199951171875,148.0399932861328,1859500
2026-05-07,143.42225646972656,143.58999633789062,150.91000366210938,142.50999450683594,150.89999389648438,1953400
2026-05-08,147.15789794921875,147.3300018310547,149.30499267578125,145.55999755859375,147.77999877929688,2008400
2026-05-11,153.0609893798828,153.24000549316406,156.5330047607422,147.41000366210938,147.8000030517578,3341500
2026-05-12,168.163330078125,168.36000061035156,168.52000427246094,153.4600067138672,161.0500030517578,4434400
2026-05-13,161.83074951171875,162.02000427246094,171.52000427246094,160.22000122070312,170.72000122070312,2660600
2026-05-14,163.9282684326172,164.1199951171875,165.56500244140625,160.88999938964844,163.60000610351562,2162300
2026-05-15,157.04632568359375,157.22999572753906,159.08999633789062,154.52000427246094,157.35000610351562,1678400
2026-05-18,148.8559112548828,149.02999877929688,158.00999450683594,145.57000732421875,157.97999572753906,2181100
2026-05-19,145.07034301757812,145.24000549316406,147.55099487304688,141.57000732421875,144.3000030517578,1618400
2026-05-20,152.86122131347656,153.0399932861328,154.36000061035156,148.0,149.08999633789062,1544700
2026-05-21,152.58154296875,152.75999450683594,153.8800048828125,150.2270050048828,152.83999633789062,1449500
2026-05-22,156.74667358398438,156.92999267578125,157.74000549316406,153.2899932861328,155.0,1564800
2026-05-26,164.3777618408203,164.57000732421875,165.25,159.0030059814453,161.3800048828125,1581100
2026-05-27,158.92413330078125,159.11000061035156,167.05999755859375,157.0,166.50999450683594,1702200
2026-05-28,158.77430725097656,158.9600067138672,160.5,155.9499969482422,160.0,1396300
2026-05-29,155.89622497558594,156.0,160.9499969482422,154.5,159.0,2500900
2026-06-01,151.81893920898438,151.9199981689453,154.5,148.9199981689453,152.10000610351562,2210400
2026-06-02,155.6363983154297,155.74000549316406,156.63999938964844,152.4199981689453,153.3699951171875,2460700
2026-06-03,154.89688110351562,155.0,159.3300018310547,154.9499969482422,155.61000061035156,1731000
2026-06-04,154.697021484375,154.8000030517578,156.88999938964844,150.10000610351562,151.42999267578125,1255800
2026-06-05,141.95550537109375,142.0500030517578,150.2550048828125,141.47000122070312,150.0,1863000
2026-06-08,144.35389709472656,144.4499969482422,146.80999755859375,141.91000366210938,146.64999389648438,1375900
2026-06-09,144.60372924804688,144.6999969482422,150.9600067138672,135.1999969482422,146.97000122070312,1677200
2026-06-10,139.6470489501953,139.74000549316406,146.27499389648438,137.60000610351562,141.6699981689453,1918800
2026-06-11,149.0207977294922,149.1199951171875,150.1199951171875,141.83999633789062,143.75,1484100
2026-06-12,150.54977416992188,150.64999389648438,152.49000549316406,147.02000427246094,148.86000061035156,1350700
2026-06-15,160.9128875732422,161.02000427246094,161.8300018310547,153.75,157.39999389648438,1637500
2026-06-16,152.13873291015625,152.24000549316406,160.5399932861328,152.1699981689453,159.44000244140625,1364200
2026-06-17,156.61573791503906,156.72000122070312,162.85000610351562,156.1999969482422,156.1999969482422,2258400
2026-06-18,168.86758422851562,168.97999572753906,170.07000732421875,159.5,160.4499969482422,5672900
2026-06-22,175.52316284179688,175.63999938964844,177.27999877929688,170.3699951171875,174.9600067138672,4092800
2026-06-23,161.082763671875,161.19000244140625,167.1300048828125,160.0780029296875,163.97999572753906,2416700
2026-06-24,158.62440490722656,158.72999572753906,165.58999633789062,156.16000366210938,162.16000366210938,1780900
2026-06-25,167.3785858154297,167.49000549316406,170.0,159.39999389648438,166.0,1355900
2026-06-26,158.09475708007812,158.1999969482422,162.52000427246094,155.5,161.22999572753906,1913400
2026-06-29,158.12474060058594,158.22999572753906,161.44500732421875,149.2899932861328,158.0,3860400
2026-06-30,163.20135498046875,163.30999755859375,165.22999572753906,158.0,158.0500030517578,2567300
2026-07-01,153.26795959472656,153.3699951171875,162.69000244140625,152.97000122070312,158.85000610351562,1576100
2026-07-02,141.65570068359375,141.75,156.60000610351562,139.38999938964844,153.74000549316406,2817800
2026-07-06,146.58241271972656,146.67999267578125,152.88999938964844,145.5399932861328,147.99000549316406,1946200
2026-07-07,140.44650268554688,140.5399932861328,142.75,134.6699981689453,140.1699981689453,2525900
2026-07-08,142.07542419433594,142.1699981689453,144.49000549316406,137.89999389648438,139.74000549316406,1932100
2026-07-09,143.36456298828125,143.4600067138672,150.5570068359375,143.02999877929688,149.10000610351562,1565500
2026-07-10,143.704345703125,143.8000030517578,145.36000061035156,139.6999969482422,141.19000244140625,1232000
2026-07-13,140.88621520996094,140.97999572753906,143.60000610351562,138.7519989013672,140.7100067138672,1607100
2026-07-14,141.5757598876953,141.6699981689453,147.8800048828125,140.00999450683594,145.8000030517578,1567700
2026-07-15,140.13670349121094,140.22999572753906,145.82000732421875,133.50999450683594,143.6199951171875,1729000
2026-07-16,135.3798828125,135.47000122070312,138.65499877929688,134.10000610351562,136.84500122070312,2299500
2026-07-17,136.25929260253906,136.35000610351562,139.8699951171875,129.0850067138672,130.4499969482422,2235300
2026-07-20,134.490478515625,134.5800018310547,139.8000030517578,134.25999450683594,138.61000061035156,1170900
2026-07-21,138.68768310546875,138.77999877929688,140.08999633789062,136.5,138.9199981689453,1265100
2026-07-22,138.647705078125,138.74000549316406,140.6300048828125,136.14999389648438,136.14999389648438,1032900
2026-07-23,138.56776428222656,138.66000366210938,140.2480010986328,135.88999938964844,137.02000427246094,1040500
2026-07-24,134.97015380859375,135.05999755859375,139.7100067138672,134.08999633789062,137.5,1627800
2026-07-27,132.8815460205078,132.97000122070312,136.07000732421875,128.6699981689453,136.0,1640500
2026-07-28,127.80492401123047,127.88999938964844,128.8800048828125,123.72000122070312,127.18000030517578,3075400
2026-07-29,123.30791473388672,123.38999938964844,129.13999938964844,122.66999816894531,127.55000305175781,3296100
2026-07-30,130.4331817626953,130.52000427246094,134.66000366210938,129.0399932861328,129.49000549316406,3334900
2026-07-31,131.0927276611328,131.17999267578125,137.72999572753906,128.75999450683594,135.36000061035156,1704300
2026-08-03,133.21131896972656,133.3000030517578,135.17999267578125,128.7100067138672,128.86000061035156,2641600
2026-08-04,141.5757598876953,141.6699981689453,146.0800018310547,137.0,141.03500366210938,3113900
2026-08-05,135.5497589111328,135.63999938964844,141.14500427246094,135.11000061035156,140.16000366210938,2033800
2026-08-06,133.28126525878906,133.3699951171875,138.0,130.42999267578125,134.47000122070312,1584400
2026-08-07,137.908203125,138.0,138.97000122070312,135.7100067138672,136.4600067138672,1311700
2026-08-10,134.28060913085938,134.3699951171875,139.99000549316406,134.14999389648438,139.17999267578125,1175300
2026-08-11,138.14804077148438,138.24000549316406,140.8300018310547,134.64500427246094,135.1999969482422,1368200
2026-08-12,141.98548889160156,142.0800018310547,143.99000549316406,141.11000061035156,142.33999633789062,1499000
2026-08-13,142.49513244628906,142.58999633789062,146.6699981689453,142.0,143.8699951171875,1595600
2026-08-14,142.20533752441406,142.3000030517578,144.0800018310547,140.0,142.5500030517578,783400
2026-08-17,140.66635131835938,140.75999450683594,144.9199981689453,139.94000244140625,143.66000366210938,1361100
2026-08-18,133.4911346435547,133.5800018310547,137.66000366210938,131.90499877929688,136.0,1290100
2026-08-19,125.9561538696289,126.04000091552734,136.07000732421875,125.70999908447266,135.72000122070312,1925200
2026-08-20,133.43118286132812,133.52000427246094,134.39500427246094,125.31199645996094,125.9800033569336,4291900
2026-08-21,128.7942657470703,128.8800048828125,134.1699981689453,128.7100067138672,133.25999450683594,1734600
2026-08-24,126.15601348876953,126.23999786376953,126.80999755859375,122.47000122070312,126.73999786376953,1614600
2026-08-25,126.5357666015625,126.62000274658203,129.5,125.80999755859375,129.0399932861328,944900
2026-08-26,126.11604309082031,126.19999694824219,127.92400360107422,125.13999938964844,127.12000274658203,1455200
2026-08-27,126.26594543457031,126.3499984741211,129.2100067138672,125.5,128.14999389648438,1130100
2026-08-28,120.18000030517578,120.26000213623047,125.99500274658203,119.5009994506836,125.68000030517578,2004900
2026-08-31,119.43000030517578,119.43000030517578,121.98999786376953,118.86000061035156,120.25,1946300
2026-09-01,115.48999786376953,115.48999786376953,118.47000122070312,113.33000183105469,117.6500015258789,2794000
2026-09-02,117.69000244140625,117.69000244140625,118.7699966430664,114.75,116.58000183105469,2101600
2026-09-03,118.47000122070312,118.47000122070312,119.12000274658203,114.38999938964844,117.6500015258789,1537100
2026-09-04,120.47000122070312,120.47000122070312,122.3949966430664,119.63500213623047,120.0,1310100
2026-09-08,123.27999877929688,123.27999877929688,124.58999633789062,120.39099884033203,122.0199966430664,1397400
2026-09-09,125.47000122070312,125.47000122070312,126.62999725341797,121.25,122.0,1256300
2026-09-10,123.31999969482422,123.31999969482422,125.7699966430664,121.51000213623047,122.94000244140625,1644300
2026-09-11,126.4000015258789,126.4000015258789,127.16000366210938,124.7249984741211,125.87000274658203,865500
